{
  "SimpleRNN": {
    "accuracy": [
      0.2184615433216095,
      0.4307692348957062,
      0.552307665348053,
      0.6969230771064758,
      0.7815384864807129,
      0.881538450717926,
      0.9523077011108398,
      0.9738461375236511,
      0.989230751991272,
      0.9969230890274048,
      0.9953846335411072,
      0.9969230890274048,
      0.9938461780548096,
      0.9969230890274048,
      1.0,
      0.9984615445137024,
      0.9969230890274048,
      1.0,
      1.0,
      0.9969230890274048
    ],
    "loss": [
      1.7739845514297485,
      1.546240210533142,
      1.2840148210525513,
      1.0040409564971924,
      0.7551090121269226,
      0.515922486782074,
      0.33464130759239197,
      0.22559389472007751,
      0.1563248336315155,
      0.10986420512199402,
      0.08247872442007065,
      0.06722509115934372,
      0.06224316358566284,
      0.05169166624546051,
      0.04872188717126846,
      0.04208706319332123,
      0.04037831351161003,
      0.03490974381566048,
      0.027556782588362694,
      0.030488407239317894
    ],
    "val_accuracy": [
      0.48695650696754456,
      0.591304361820221,
      0.7652173638343811,
      0.886956512928009,
      0.939130425453186,
      0.9652174115180969,
      1.0,
      1.0,
      1.0,
      1.0,
      1.0,
      1.0,
      1.0,
      1.0,
      1.0,
      1.0,
      1.0,
      1.0,
      1.0,
      1.0
    ],
    "val_loss": [
      1.622323751449585,
      1.35567307472229,
      1.065118432044983,
      0.7371872067451477,
      0.48104795813560486,
      0.2550569176673889,
      0.13497920334339142,
      0.07407797127962112,
      0.04627100005745888,
      0.030578069388866425,
      0.02076459489762783,
      0.016426440328359604,
      0.014140031300485134,
      0.012267475947737694,
      0.011011906899511814,
      0.010616058483719826,
      0.009064319543540478,
      0.008286197669804096,
      0.007829887792468071,
      0.007560014724731445
    ],
    "learning_rate": [
      0.0010000000474974513,
      0.0010000000474974513,
      0.0010000000474974513,
      0.0010000000474974513,
      0.0010000000474974513,
      0.0010000000474974513,
      0.0010000000474974513,
      0.0010000000474974513,
      0.0010000000474974513,
      0.0010000000474974513,
      0.0010000000474974513,
      0.0010000000474974513,
      0.0010000000474974513,
      0.0010000000474974513,
      0.0010000000474974513,
      0.0010000000474974513,
      0.0010000000474974513,
      0.0010000000474974513,
      0.0010000000474974513,
      0.0010000000474974513
    ],
    "test_accuracy": 1.0,
    "test_loss": 0.006778364069759846
  },
  "LSTM": {
    "accuracy": [
      0.2523076832294464,
      0.5292307734489441,
      0.4692307710647583,
      0.5707692503929138,
      0.7292307615280151,
      0.8676922917366028,
      0.9661538600921631,
      0.9615384340286255,
      0.9846153855323792,
      0.9953846335411072,
      0.9861538410186768,
      0.9953846335411072,
      0.9923076629638672,
      0.9984615445137024,
      0.9984615445137024,
      0.9984615445137024,
      0.9938461780548096,
      0.9953846335411072,
      0.9969230890274048,
      1.0
    ],
    "loss": [
      1.789498209953308,
      1.7158780097961426,
      1.4410239458084106,
      1.1071010828018188,
      0.8038891553878784,
      0.5152390003204346,
      0.3098733127117157,
      0.21247565746307373,
      0.14160732924938202,
      0.10577095299959183,
      0.08900876343250275,
      0.06790059059858322,
      0.06328456848859787,
      0.04422512277960777,
      0.03914240375161171,
      0.03508919104933739,
      0.03666290268301964,
      0.029708556830883026,
      0.02966439723968506,
      0.02253684028983116
    ],
    "val_accuracy": [
      0.782608687877655,
      0.6086956262588501,
      0.5652173757553101,
      0.7652173638343811,
      0.991304337978363,
      1.0,
      1.0,
      1.0,
      1.0,
      1.0,
      1.0,
      1.0,
      1.0,
      1.0,
      1.0,
      1.0,
      1.0,
      1.0,
      1.0,
      1.0
    ],
    "val_loss": [
      1.7677276134490967,
      1.5724018812179565,
      1.1931886672973633,
      0.8629878163337708,
      0.5358532071113586,
      0.2827281653881073,
      0.13993625342845917,
      0.0765778049826622,
      0.04265144094824791,
      0.026721233502030373,
      0.023935304954648018,
      0.015217302367091179,
      0.01242087408900261,
      0.010634475387632847,
      0.00935764517635107,
      0.008526893332600594,
      0.007974112406373024,
      0.007537569385021925,
      0.0072130318731069565,
      0.00695215305313468
    ],
    "learning_rate": [
      0.0010000000474974513,
      0.0010000000474974513,
      0.0010000000474974513,
      0.0010000000474974513,
      0.0010000000474974513,
      0.0010000000474974513,
      0.0010000000474974513,
      0.0010000000474974513,
      0.0010000000474974513,
      0.0010000000474974513,
      0.0010000000474974513,
      0.0010000000474974513,
      0.0010000000474974513,
      0.0010000000474974513,
      0.0010000000474974513,
      0.0010000000474974513,
      0.0010000000474974513,
      0.0010000000474974513,
      0.0010000000474974513,
      0.0010000000474974513
    ],
    "test_accuracy": 1.0,
    "test_loss": 0.006772972177714109
  },
  "GRU": {
    "accuracy": [
      0.2184615433216095,
      0.35846152901649475,
      0.4076923131942749,
      0.5984615087509155,
      0.6861538290977478,
      0.8046153783798218,
      0.9246153831481934,
      0.9723076820373535,
      0.989230751991272,
      0.9923076629638672,
      0.9876922965049744,
      0.9846153855323792,
      0.9953846335411072,
      0.9907692074775696,
      0.9953846335411072,
      0.9953846335411072,
      0.9969230890274048,
      0.9984615445137024,
      0.9923076629638672,
      0.9938461780548096
    ],
    "loss": [
      1.792831301689148,
      1.7662761211395264,
      1.6661113500595093,
      1.2657824754714966,
      0.7776488661766052,
      0.5041893124580383,
      0.31752830743789673,
      0.20846566557884216,
      0.13279423117637634,
      0.10358906537294388,
      0.08788656443357468,
      0.07943836599588394,
      0.06149096414446831,
      0.05439835786819458,
      0.04340377077460289,
      0.039359916001558304,
      0.04333566129207611,
      0.028355270624160767,
      0.0389055572450161,
      0.03877933323383331
    ],
    "val_accuracy": [
      0.3391304314136505,
      0.373913049697876,
      0.52173912525177,
      0.695652186870575,
      0.791304349899292,
      1.0,
      1.0,
      1.0,
      1.0,
      1.0,
      1.0,
      1.0,
      1.0,
      1.0,
      1.0,
      1.0,
      1.0,
      1.0,
      1.0,
      1.0
    ],
    "val_loss": [
      1.783948302268982,
      1.7365473508834839,
      1.476290225982666,
      0.8832139372825623,
      0.5037441849708557,
      0.2751668393611908,
      0.1425226330757141,
      0.06609895825386047,
      0.038604121655225754,
      0.02429087646305561,
      0.017644144594669342,
      0.013841572217643261,
      0.011113272979855537,
      0.009599374607205391,
      0.008798624388873577,
      0.008683627471327782,
      0.007686011493206024,
      0.007312861271202564,
      0.007021171040832996,
      0.0067489356733858585
    ],
    "learning_rate": [
      0.0010000000474974513,
      0.0010000000474974513,
      0.0010000000474974513,
      0.0010000000474974513,
      0.0010000000474974513,
      0.0010000000474974513,
      0.0010000000474974513,
      0.0010000000474974513,
      0.0010000000474974513,
      0.0010000000474974513,
      0.0010000000474974513,
      0.0010000000474974513,
      0.0010000000474974513,
      0.0010000000474974513,
      0.0010000000474974513,
      0.0010000000474974513,
      0.0010000000474974513,
      0.0010000000474974513,
      0.0010000000474974513,
      0.0010000000474974513
    ],
    "test_accuracy": 1.0,
    "test_loss": 0.006724532227963209
  }
}